[
	{
	    "package": "filter-sierra-20151218164000",
	    "nameChs": "柔软",
	    "nameCht": "柔軟",
	    "nameEn": "Cozy",
	    "shortChs": "",
	    "shortCht": "",
	    "shortEn": "",
	    "descriptionChs": "",
	    "descriptionCht": "",
	    "descriptionEn": "",
	    "hash": "6686c574625838a634472be1417ba04b",
	    "language": [
	        "GLOBAL"
	    ],
	    "column": "4",
	    "addon_id": 974
	},
	{
	    "addon_id": 668,
		  "descriptionChs": "",
	    "descriptionCht": "",
	    "descriptionEn": "",
	    "hash": "610cb9343da88e21f4501c6bd0bcab67",
	    "nameChs": "天空",
	    "nameCht": "天空",
	    "nameEn": "Sky",
	    "package": "filter-hudson-20150725200538"
	},
	{
	    "package": "filter-diary-20151219152730",
	    "nameChs": "手帐",
	    "nameCht": "手帳",
	    "nameEn": "Diary",
	    "shortChs": "",
	    "shortCht": "",
	    "shortEn": "",
	    "descriptionChs": "",
	    "descriptionCht": "",
	    "descriptionEn": "",
	    "hash": "75d3be443d5122ef67dc642a7c25b152",
	    "language": [
	        "GLOBAL"
	    ],
	    "column": "4",
		"addon_id": 985
	},
  {
     "package": "filter-gingham-20151218164338",
     "nameChs": "和风",
     "nameCht": "和風",
     "nameEn": "Fuji",
     "shortChs": "",
     "shortCht": "",
     "shortEn": "",
     "descriptionChs": "",
     "descriptionCht": "",
     "descriptionEn": "",
     "hash": "81caada9b9e5bb0d5ebe7093d0f9b944",
     "language": [
         "GLOBAL"
     ],
     "column": "4",
     "addon_id": 978
 },
 {
     "package": "filter-aden-20151218163849",
     "nameChs": "拂晓",
     "nameCht": "拂曉",
     "nameEn": "Daylight",
     "shortChs": "",
     "shortCht": "",
     "shortEn": "",
     "descriptionChs": "",
     "descriptionCht": "",
     "descriptionEn": "",
     "hash": "e7d5a6d3aa7f96894e98573b800e9cbd",
     "language": [
         "GLOBAL"
     ],
     "column": "4",
     "addon_id": 969
 },
{
    "package": "filter-crema-20151218163934",
    "nameChs": "糖果",
    "nameCht": "糖果",
    "nameEn": "Candy",
    "shortChs": "",
    "shortCht": "",
    "shortEn": "",
    "descriptionChs": "",
    "descriptionCht": "",
    "descriptionEn": "",
    "hash": "d5679725bc428c914ed742d089fc171d",
    "language": [
        "GLOBAL"
    ],
    "column": "4",
    "addon_id": 971
},
{
    "package": "filter-reyes-20151218163953",
    "nameChs": "古早",
    "nameCht": "古早",
    "nameEn": "Ancient",
    "shortChs": "",
    "shortCht": "",
    "shortEn": "",
    "descriptionChs": "",
    "descriptionCht": "",
    "descriptionEn": "",
    "hash": "c1a962cd4f7ff38c0b131a3050b6f3dd",
    "language": [
        "GLOBAL"
    ],
    "column": "4",
    "addon_id": 973
},
	{	
		"addon_id": 78,
		"package":"filter-clean-20141207213938",
		"nameChs":"通透",
		"nameCht":"通透",
		"nameEn":"Clean",
		"descriptionChs": "",
		"descriptionCht": "",
		"descriptionEn": "",
	    "hash": "d8dbd19e57ee267922cf731484287cbe"
	},
	{
	    "addon_id": 667,
  		"descriptionChs": "",
	    "descriptionCht": "",
	    "descriptionEn": "",
	    "hash": "ab75fe9d755457eea84f0193ac47daa6",
	    "nameChs": "素颜",
	    "nameCht": "素顏",
	    "nameEn": "Selfie",
	    "package": "filter-amaro-20150725200337"
	},
	{
		"addon_id": 77,
		"package":"filter-bright-20141207213928",
		"nameChs":"电影",
		"nameCht":"電影",
		"nameEn":"Film",
		"descriptionChs": "",
		"descriptionCht": "",
		"descriptionEn": "",
	    "hash": "350af37d470b3b557581df96588eb885"
	},
	{
	    "addon_id": 249,
		"package": "filter-polaroidr-20150113173715",
	    "nameChs": "回忆",
	    "nameCht": "回憶",
	    "nameEn": "Memory",
	    "shortChs": "",
	    "shortCht": "",
	    "shortEn": "",
	    "descriptionChs": "",
	    "descriptionCht": "",
	    "descriptionEn": "",
	    "hash": "e5a4ce21daa775a03ba1af14c47d70fa",
	    "language": [
	        "GLOBAL"
	    ],
	    "column": "4"
	},
	{
	    "addon_id": 98,
		"package": "filter-retro-20141207214359",
	    "nameChs": "复古",
	    "nameCht": "復古",
	    "nameEn": "Retro",
	    "descriptionChs": "",
	    "descriptionCht": "",
	    "descriptionEn": "",
	    "hash": "0b91f0c2abb145762d347a6638fb9ec8"
	},
	{
	    "addon_id": 211,
		"package": "filter-dawn-20141214202434",
	    "nameChs": "黎明",
	    "nameCht": "黎明",
	    "nameEn": "Dawn",
	    "descriptionChs": "",
	    "descriptionCht": "",
	    "descriptionEn": "",
	    "hash": "c8a54ec15ff90cd4c235ea2a0b0fba48",
	    "language": [
	        "GLOBAL"
	    ]
	},
	{
	    "addon_id": 669,
		"descriptionChs": "",
	    "descriptionCht": "",
	    "descriptionEn": "",
	    "hash": "2bc6fdd8af08f4accf7fa1dbe05b51e2",
	    "nameChs": "黄昏",
	    "nameCht": "黃昏",
	    "nameEn": "Dust",
	    "package": "filter-xproii-20150725200658"
	},
	{
	    "addon_id": 90,
		"package": "filter-leikr-20141207214234",
	    "nameChs": "德味",
	    "nameCht": "德味",
	    "nameEn": "Leikr",
	    "descriptionChs": "",
	    "descriptionCht": "",
	    "descriptionEn": "",
	    "hash": "6ae45bf31bf7d71e19d9a5450af4d4f6"
	},
    {
     "package": "filter-clarendon-20151218164330",
     "nameChs": "暗夜",
     "nameCht": "暗夜",
     "nameEn": "Night",
     "shortChs": "",
     "shortCht": "",
     "shortEn": "",
     "descriptionChs": "",
     "descriptionCht": "",
     "descriptionEn": "",
     "hash": "6ba94c34507bb8c5b9e5c889b33dabba",
     "language": [
         "GLOBAL"
     ],
     "column": "4",
     "addon_id": 977
 },
	{
	    "addon_id": 690,
		"descriptionChs": "",
	    "descriptionCht": "",
	    "descriptionEn": "",
	    "hash": "33481df272282992674164d180a55d31",
	    "nameChs": "甜美",
	    "nameCht": "甜美",
	    "nameEn": "Sweet",
	    "package": "filter-sweet-20150730224614"
	},
	{
	    "addon_id": 95,
		"package": "filter-mono-20141207214330",
	    "nameChs": "柔灰",
	    "nameCht": "柔灰",
	    "nameEn": "Gray",
	    "descriptionChs": "",
	    "descriptionCht": "",
	    "descriptionEn": "",
	    "hash": "7ceda82c436f8cb2466533e3e9612ea1"
	}
]