[
  {
    "package": "frame-comic",
    "nameChs": "",
    "nameCht": "",
    "nameEn": "",
    "shortChs": "",
    "shortCht": "",
    "shortEn": "",
    "descriptionChs": "",
    "descriptionCht": "",
    "descriptionEn": "",
    "hash": "93634da8d6d416da7c6e478cce748337",
    "language": [
        "GLOBAL"
    ],
    "addon_id": 954,
    "column": "4",
    "status": 1
  },
  {
    "package": "frame-comic",
    "nameChs": "",
    "nameCht": "",
    "nameEn": "",
    "shortChs": "",
    "shortCht": "",
    "shortEn": "",
    "descriptionChs": "",
    "descriptionCht": "",
    "descriptionEn": "",
    "hash": "93634da8d6d416da7c6e478cce748337",
    "language": [
        "GLOBAL"
    ],
    "addon_id": 955,
    "column": "4",
    "status": 1
  },
  {
    "package": "frame-comic",
    "nameChs": "",
    "nameCht": "",
    "nameEn": "",
    "shortChs": "",
    "shortCht": "",
    "shortEn": "",
    "descriptionChs": "",
    "descriptionCht": "",
    "descriptionEn": "",
    "hash": "93634da8d6d416da7c6e478cce748337",
    "language": [
        "GLOBAL"
    ],
    "addon_id": 956,
    "column": "4",
    "status": 1
  },
  {
    "package": "frame-comic",
    "nameChs": "",
    "nameCht": "",
    "nameEn": "",
    "shortChs": "",
    "shortCht": "",
    "shortEn": "",
    "descriptionChs": "",
    "descriptionCht": "",
    "descriptionEn": "",
    "hash": "93634da8d6d416da7c6e478cce748337",
    "language": [
        "GLOBAL"
    ],
    "addon_id": 957,
    "column": "4",
    "status": 1
  },
  {
    "package": "frame-comic",
    "nameChs": "",
    "nameCht": "",
    "nameEn": "",
    "shortChs": "",
    "shortCht": "",
    "shortEn": "",
    "descriptionChs": "",
    "descriptionCht": "",
    "descriptionEn": "",
    "hash": "93634da8d6d416da7c6e478cce748337",
    "language": [
        "GLOBAL"
    ],
    "addon_id": 958,
    "column": "4",
    "status": 1
  },
  {
    "package": "frame-comic",
    "nameChs": "",
    "nameCht": "",
    "nameEn": "",
    "shortChs": "",
    "shortCht": "",
    "shortEn": "",
    "descriptionChs": "",
    "descriptionCht": "",
    "descriptionEn": "",
    "hash": "93634da8d6d416da7c6e478cce748337",
    "language": [
        "GLOBAL"
    ],
    "addon_id": 959,
    "column": "4",
    "status": 1
  },
  {
    "package": "frame-comic",
    "nameChs": "",
    "nameCht": "",
    "nameEn": "",
    "shortChs": "",
    "shortCht": "",
    "shortEn": "",
    "descriptionChs": "",
    "descriptionCht": "",
    "descriptionEn": "",
    "hash": "93634da8d6d416da7c6e478cce748337",
    "language": [
        "GLOBAL"
    ],
    "addon_id": 960,
    "column": "4",
    "status": 1
  },
  {
    "package": "frame-comic",
    "nameChs": "无边框",
    "nameCht": "無邊框",
    "nameEn": "None",
    "shortChs": "无边框",
    "shortCht": "無邊框",
    "shortEn": "None",
    "descriptionChs": "",
    "descriptionCht": "",
    "descriptionEn": "",
    "hash": "93634da8d6d416da7c6e478cce748337",
    "language": [
        "GLOBAL"
    ],
    "addon_id": 967,
    "column": "4",
    "status": 1,
    "need_display_text": 1
  }
]