[
    {
      "package": "stickers-Bubbles9-20151204185242",
	    "nameChs": "气泡",
	    "nameCht": "氣泡",
	    "nameEn": "Bubbles",
	    "shortChs": "气泡",
	    "shortCht": "氣泡",
	    "shortEn": "Bubbles",
	    "descriptionChs": "用这些漫画风格的气泡，为照片添加对话。",
	    "descriptionCht": "用這些漫畫風格的氣泡，為照片添加對話。",
	    "descriptionEn": "Add dialogues to your photos by using these cartoon bubbles.",
      "hash": "93634da8d6d416da7c6e478cce748337",
        "language": [
            "GLOBAL"
        ],
	    "replace": [
	        "781",
	        "778",
	        "656",
	        "366",
	        "339",
            "872",
            "809"
	    ],
        "addon_id": 944,
        "column": "4",
        "status": 1,
        "default_bubble": 1
    },
  {
      "package": "stickers-ComicElements201512-20151219014312",
      "nameChs": "漫画元素",
      "nameCht": "漫畫元素",
      "nameEn": "Comic Elements",
      "shortChs": "漫画元素",
      "shortCht": "漫畫元素",
      "shortEn": "Comic",
      "descriptionChs": "用这些漫画中常见的视觉元素，让你的照片迅速拥有丰富内涵。",
      "descriptionCht": "用這些漫畫中常見的視覺元素，讓你的照片迅速擁有豐富內涵。",
      "descriptionEn": "Make your pictures more meaningful with these basic visual element from comic books",
      "hash": "66c521ea2f7a92f97aee8a2ca54673e2",
      "language": [
          "GLOBAL"
      ],
	    "replace": [
	       "657"
	    ],
      "column": "5",
      "addon_id": 983,
      "status": 1
  },
  {
     "package": "stickers-GraphicDiary-20151219014334",
     "nameChs": "手帐装饰",
     "nameCht": "手帳裝飾",
     "nameEn": "Comic Diaries",
     "shortChs": "手帐装饰",
     "shortCht": "手帳裝飾",
     "shortEn": "Diaries",
     "descriptionChs": "来用这些可爱的漫画元素装饰你的手帐吧！",
     "descriptionCht": "來用這些可愛的漫畫元素裝飾妳的手帳吧！",
     "descriptionEn": "Use these cute comic elements to decorate your diaries.",
     "hash": "bb9504f23eea7928ce40f412f7a73b7a",
     "language": [
         "GLOBAL"
     ],
     "column": "4",
     "addon_id": 984,
     "status": 1
   },
   {
       "package": "stickers-FunnyEyes201512-20151219014018",
       "nameChs": "奇趣表情",
       "nameCht": "奇趣表情",
       "nameEn": "Funny Faces",
       "shortChs": "奇趣表情",
       "shortCht": "奇趣表情",
       "shortEn": "Faces",
       "descriptionChs": "这个系列的使命就是让照片中的人物变得神 (nao) 采 (dong) 奕 (da) 奕 (kai)。",
       "descriptionCht": "這個系列的使命就是讓照片中的人物變得像是從漫畫中走出的那樣，人不人鬼不鬼。",
       "descriptionEn": "This series will help you to make your friends look as funny as the characters in Japanese manga.",
       "hash": "34c707639739c5969f0f7dd09325bce6",
       "language": [
           "GLOBAL"
       ],
       "replace": [
         "659"
       ],
       "column": "4",
       "addon_id": 982,
       "status": 1
   },
   {
       "package": "stickers-GirlsONLYNew1-20150725152926",
       "nameChs": "萌萌哒",
       "nameCht": "萌萌哒",
       "nameEn": "Cute",
       "shortChs": "萌萌哒",
       "shortCht": "萌萌哒",
       "shortEn": "Cute",
       "descriptionChs": "应 95 后用户们萌萌哒的强烈需求，我们制作了这套贴纸。特别特别粉哦～！",
       "descriptionCht": "應 95 後用戶們萌萌噠的強烈需求，我們製作了這套貼紙。特別特別粉哦～！",
       "descriptionEn": "For our cute users, we made these cuter stickers. Picky and lovely~!",
       "hash": "9c039800689db84ca76463aeb006b529",
       "language": [
           "GLOBAL"
       ],
       "column": "5",
       "addon_id": 660,
       "status": 1
   },
  {
      "package": "stickers-SeriousCock1New1-20150725230906",
      "nameChs": "一个严肃的鸡: 第 1 季",
      "nameCht": "一個嚴肅的雞: 第 1 季",
      "nameEn": "A Serious Cock: Season 1",
      "shortChs": "严肃鸡 1",
      "shortCht": "嚴肅雞 1",
      "shortEn": "Cock 1",
      "descriptionChs": "一个严肃的鸡，顾名思义，是个严肃的鸡。在淡定的外表之下，有着一颗澎湃的心。这是我们的第三个原创角色。",
      "descriptionCht": "一個嚴肅的雞，顧名思義，是個嚴肅的雞。在淡定的外表之下，有著一顆澎湃的心。這是我們的第三個原創角色。",
      "descriptionEn": "A serious cock, as you know, is a serious cock. Beneath the peaceful looking, he's got a dynamic mind. This is our third original character.",
      "hash": "eb070bc48510e4dee2d315e4302f2cf3",
      "language": [
          "GLOBAL"
      ],
      "column": "4",
      "addon_id": 676,
      "status": 1
  },
  {
      "package": "stickers-OffNature1-20150202131352",
      "nameChs": "不自然博物馆: 第 1 季",
      "nameCht": "不自然博物館: 第 1 季",
      "nameEn": "Off-Nature Museum: Season 1",
      "descriptionChs": "《不自然博物馆》是由“负波普协会”原创的高智商内涵漫画，在微信公众号上连载。他们生产有怪幻趣味的漫画作品，充满冒险与想象的科幻风格。",
      "descriptionCht": "《不自然博物館》是由「負波普協會」原創的高智商內涵漫畫，在微信公眾號上連載。他們生產有怪幻趣味的漫畫作品，充滿冒險與想象的科幻風格。",
      "descriptionEn": "Off-Nature Museum is an online comic series only for readers with extremely high IQs. They produce comic artworks with wacky and fantastic sci-fi styles.",
      "hash": "d5d1445e96ceb06dba703ef606e2bd75",
      "language": [
          "GLOBAL"
      ],
      "column": "4",
      "shortChs": "不自然 1",
      "shortCht": "不自然 1",
      "shortEn": "Off-Nature 1",
      "addon_id": 309,
      "status": 1
  },
  {
      "package": "stickers-WordStickerNew1-20151017223747",
      "nameChs": "中文常用词",
      "nameCht": "中文常用詞",
      "nameEn": "Chinese Slangs",
      "shortChs": "常用词",
      "shortCht": "常用詞",
      "shortEn": "Slangs",
      "descriptionChs": "一些中文网络常用词。美国漫画风格。",
      "descriptionCht": "一些中文網路常用詞。美國漫畫風格。",
      "descriptionEn": "Some Chinese online slangs in American comic styles.",
      "hash": "1745543f5d43719eedf2b20f3442a10c",
      "language": [
          "GLOBAL"
      ],
      "replace": [
        "662"
      ],
      "addon_id": 873,
      "column": "4",
      "status": 1
  },
  {
      "package": "stickers-TaiwanVarietyShows-20150202225539",
      "nameChs": "综艺节目大字",
      "nameCht": "綜藝節目大字",
      "nameEn": "Taiwan Television",
      "shortChs": "综艺节目",
      "shortCht": "綜藝節目",
      "shortEn": "Taiwan TV",
      "descriptionChs": "用这些鲜艳的大字，将你的照片装点成台湾综艺节目的现场！",
      "descriptionCht": "用這些鮮艷的大字，將你的照片裝點成台灣綜藝節目的現場！",
      "descriptionEn": "The colorful Chinese characters will decorate your photos as a Taiwanese variety show.",
      "hash": "c385f4eed4efee9941e62fd0630db644",
      "language": [
          "GLOBAL"
      ],
      "column": "4",
      "addon_id": 313,
      "status": 1
  }
]